{"name": "Linear Regression", "metrics": {"r2": 0.9487513686450827, "mae": 1.2343444642081074, "rmse": 1.5529938932338259}}